id,create_time,name,email,phone
11,2023-04-01 12:00:00,John Doe,john.doe@example.com,1234567890
12,2023-04-01 12:10:00,Jane Smith,jane.smith@example.com,2345678901
13,2023-04-01 12:20:00,Alice Johnson,alice.johnson@example.com,3456789012
14,2023-04-01 12:30:00,Mike Brown,mike.brown@example.com,4567890123
15,2023-04-01 12:40:00,Emma Wilson,emma.wilson@example.com,5678901234
16,2023-04-01 12:50:00,Liam Martin,liam.martin@example.com,6789012345
17,2023-04-01 13:00:00,Olivia Garcia,olivia.garcia@example.com,7890123456
18,2023-04-01 13:10:00,Noah Davis,noah.davis@example.com,8901234567
19,2023-04-01 13:20:00,Sophia Rodriguez,sophia.rodriguez@example.com,9012345678
20,2023-04-01 13:30:00,Mason Martinez,mason.martinez@example.com,1234567890